{
  "status": true,
  "mensagem": "Mensagem de sucesso",
  "estabelecimento": "PRAVDA CAFE",
  "endereco": "Alameda Grajau - PREDIO PRAVDA",
  "cidade": "BARUERI - SP",
  "pos": "42999824",
  "datetime": "04/02/16 00:00 ATÉ 04/02/16 16:29",
  "FORMAS_PAGAMENTO": {
    "CREDITO": [
      {
        "MASTERCARD" : [
        {
          "nsu": 770,
          "data": "09-03-2016",
          "hora": "06:14:04",
          "formaPag": "CREDITO",
          "statusTransacao": "PENDENTE CONFIRMACAO",
          "valor": "5,11"
        },
        {
          "nsu": 770,
          "data": "09-03-2016",
          "hora": "06:14:04",
          "formaPag": "CREDITO",
          "statusTransacao": "PENDENTE CONFIRMACAO",
          "valor": "5,11"
        }
      ],
      "VISA" : [
        {
          "nsu": 770,
          "data": "09-03-2016",
          "hora": "06:14:04",
          "formaPag": "CREDITO",
          "statusTransacao": "PENDENTE CONFIRMACAO",
          "valor": "5,11"
        },
        {
          "nsu": 770,
          "data": "09-03-2016",
          "hora": "06:14:04",
          "formaPag": "CREDITO",
          "statusTransacao": "PENDENTE CONFIRMACAO",
          "valor": "5,11"
        }
      ],
      "TOTAL" : [
        {
          "nsu": "234",
          "hora": "11:01",
          "valor": "1,11"
        }
      ],
    "DEBITO": [
      {
        "MAESTRO" : [
        {
          "nsu": 770,
          "data": "09-03-2016",
          "hora": "06:14:04",
          "formaPag": "CREDITO",
          "statusTransacao": "PENDENTE CONFIRMACAO",
          "valor": "5,11"
        },
        {
          "nsu": 770,
          "data": "09-03-2016",
          "hora": "06:14:04",
          "formaPag": "CREDITO",
          "statusTransacao": "PENDENTE CONFIRMACAO",
          "valor": "5,11"
        }
      ],
      "VISA ELETRON" : [
        {
          "nsu": 770,
          "data": "09-03-2016",
          "hora": "06:14:04",
          "formaPag": "CREDITO",
          "statusTransacao": "PENDENTE CONFIRMACAO",
          "valor": "5,11"
        },
        {
          "nsu": 770,
          "data": "09-03-2016",
          "hora": "06:14:04",
          "formaPag": "CREDITO",
          "statusTransacao": "PENDENTE CONFIRMACAO",
          "valor": "5,11"
        }
      ],
      "TOTAL" : [
        {
          "nsu": "234",
          "hora": "11:01",
          "valor": "1,11"
        }
      ]
    }
    },
    "TOTAL_GERAL": {
        "qtdeCancel": 0,
        "totalCancel": "0,00",
        "qtdeGeral": 16,
        "totalGeral": "196,24"
    }
}