{
  "status": true,
  "mensagem": "Mensagem de sucesso",
  "estabelecimento": "PRAVDA CAFE",
  "endereco": "Alameda Grajau - PREDIO PRAVDA",
  "cidade": "BARUERI - SP",
  "pos": 42999824,
  "datetime": "04/02/16 00:00 ATÉ 04/02/16 16:29",
  "FORMAS_PAGAMENTO": {
    "CREDITO": [
      {
        "MASTERCARD": {
          "quantidade": "2",
          "valor": "3,45"
        },
        "VISA": {
          "quantidade": "2",
          "valor": "3,45"
        },
        "TOTAL": {
          "quantidade": "23",
          "total": "110,32"
        }
      }
    ],
    "DEBITO": [
      {
        "MASTERCARD": {
          "quantidade": "2",
          "valor": "3,45"
        },
        "VISA": {
          "quantidade": "2",
          "valor": "3,45"
        },
        "TOTAL": {
          "quantidade": "23",
          "total": "110,32"
        }
      }
    ],
    "VOUCHER": [
      {
        "MASTERCARD": {
          "quantidade": "2",
          "valor": "3,45"
        },
        "VISA": {
          "quantidade": "2",
          "valor": "3,45"
        },
        "TOTAL": {
          "quantidade": "23",
          "total": "110,32"
        }
      }
    ]
  },
  "TOTAL_GERAL": {
    "quantidade_cancelamento": "1",
    "total_cancelamentos": "2,42",
    "quantidade_geral": "23",
    "total_geral": "110,32"
  },
  "RECORRENCIA_CLIENTE": {
    "1_COMPRA": "5",
    "2_COMPRAS": "0",
    "3_COMPRAS_OU_MAIS": "1"
  }
}